name,byte_theory,byte_os,byte_encoded,ratio_theory,ratio_os
R_0_E_0_S_35_B_89.pt,29362176,29364271,15781070.5,0.46253743251181384,0.462575777890076
R_1_E_0_S_37_B_125.pt,29381632,29383798,10270992.75,0.6504281058996314,0.6504538742745236
R_0_E_0_S_2_B_135.pt,29381632,29383791,10803771.25,0.6322950593758713,0.6323220768211971
R_1_E_0_S_8_B_49.pt,29362176,29364264,22881006.75,0.2207319120354023,0.22078732332606735
R_0_E_0_S_47_B_120.pt,29381632,29383798,8735516.25,0.7026878476321533,0.7027097637276162
R_0_E_0_S_2_B_90.pt,29381632,29383784,17986576.5,0.38782922269259923,0.3878740566565559
R_1_E_0_S_1_B_9.pt,29362176,29364257,23253040.5,0.20806140185250577,0.20811752533019992
R_0_E_0_S_13_B_44.pt,29362176,29364271,22596615.5,0.23041754466698927,0.23047245068675465
R_1_E_0_S_51_B_4.pt,29362176,29364264,16301040.5,0.4448285951286444,0.44486807161248787
R_0_E_0_S_45_B_10.pt,29381632,29383791,13405918.25,0.5437313267690508,0.543764851512863
R_1_E_0_S_32_B_74.pt,29362176,29364271,18242478.25,0.37870823163787315,0.3787525578278446
R_0_E_0_S_29_B_44.pt,29362176,29364271,18200450.5,0.38013958842832357,0.38018381249784816
R_1_E_0_S_43_B_44.pt,29362176,29364271,17584404.5,0.40112052662581954,0.4011632538059603
R_0_E_0_S_3_B_79.pt,29362176,29364264,25577744.75,0.12888796967908644,0.12894991170219694
R_1_E_0_S_20_B_115.pt,29381632,29383798,10848624,0.630768501899418,0.6307957194641755
R_1_E_0_S_25_B_69.pt,29362176,29364271,17051645.5,0.4192649243707278,0.4193063570350512
R_0_E_0_S_39_B_124.pt,29362176,29364278,17440589,0.40601851170703424,0.4060610310255202
R_0_E_0_S_48_B_94.pt,29362176,29364271,16682965.75,0.4318212059623919,0.43186174279620293
R_0_E_0_S_20_B_10.pt,29381632,29383791,13729992,0.5327015190987349,0.5327358542674089
R_0_E_0_S_21_B_85.pt,29381632,29383791,13083086,0.5547188801493396,0.5547515975729612
R_1_E_0_S_42_B_19.pt,29362176,29364271,15122188,0.484977271439283,0.4850140158425864
R_0_E_0_S_34_B_110.pt,29381632,29383798,11265141.25,0.6165923918045124,0.6166206543483589
R_0_E_0_S_5_B_65.pt,29381632,29383784,18318277.5,0.37653982256669744,0.37658548334006264
R_1_E_0_S_42_B_135.pt,29381632,29383798,6217004.5,0.7884050654504148,0.7884206629789655
R_0_E_0_S_7_B_65.pt,29381632,29383784,16676222,0.4324269666164221,0.4324685343453382
R_0_E_0_S_44_B_100.pt,29381632,29383798,11526378,0.6077012332058341,0.6077301511533669
R_1_E_0_S_4_B_100.pt,29381632,29383791,17698137,0.3976462233275538,0.39769048180338606
R_1_E_0_S_6_B_55.pt,29381632,29383784,16951445.75,0.42305976230319675,0.42310201606437076
R_0_E_0_S_12_B_64.pt,29362176,29364271,27150139.75,0.07533625062393196,0.0754022209507602
R_1_E_0_S_25_B_89.pt,29362176,29364271,15831422,0.4608225902603404,0.4608610579843784
R_0_E_0_S_9_B_45.pt,29381632,29383784,15289628.75,0.4796194864192704,0.47965759787779544
R_1_E_0_S_4_B_95.pt,29381632,29383784,17983664,0.38792834924894576,0.38797317595310393
R_0_E_0_S_43_B_4.pt,29362176,29364264,16926632.5,0.4235225447868714,0.4235635362766116
R_1_E_0_S_7_B_25.pt,29381632,29383784,16012719.25,0.45500919588129074,0.45504910974025675
R_1_E_0_S_41_B_15.pt,29381632,29383791,12706179.25,0.5675468520604982,0.5675786269375521
R_0_E_0_S_11_B_24.pt,29362176,29364271,22602110,0.23023041616534143,0.23028533553582856
R_0_E_0_S_52_B_35.pt,29381632,29383791,15267853.75,0.4803605956946163,0.48039877665887293
R_0_E_0_S_39_B_135.pt,29381632,29383798,6892933.75,0.7653999018842793,0.7654171952175821
R_0_E_0_S_51_B_75.pt,29381632,29383791,12579491,0.5718586700697905,0.5718901281322073
R_1_E_0_S_39_B_50.pt,29381632,29383791,13412890,0.5434940441701809,0.5435275863485416
R_0_E_0_S_45_B_15.pt,29381632,29383791,13435306.25,0.5427311100350042,0.5427647082706244
R_0_E_0_S_31_B_139.pt,29362176,29364278,18515365.5,0.3694143955815809,0.3694595351535631
R_0_E_0_S_20_B_30.pt,29381632,29383791,13888134.25,0.5273191683157695,0.5273538989574218
R_1_E_0_S_18_B_105.pt,29381632,29383798,12517392.75,0.5739721758818571,0.574003580136237
R_0_E_0_S_19_B_133.pt,135790592,135792310,35686913.25,0.7371915629471592,0.737194887913756
R_1_E_0_S_45_B_3.pt,135790592,135792296,60496838.25,0.5544843176617126,0.5544899082492868
R_0_E_0_S_27_B_102.pt,135790592,135792310,62596062,0.5390250452697047,0.5390308773744257
R_0_E_0_S_36_B_86.pt,135790592,135792303,66144433.25,0.5128938442951924,0.5128999818936718
R_0_E_0_S_24_B_129.pt,29362176,29364278,16909270,0.424113866765188,0.4241550907534658
R_1_E_0_S_17_B_74.pt,29362176,29364271,18289382.5,0.3771107938321737,0.3771552339916765
R_1_E_0_S_33_B_36.pt,135790592,135792303,66373095,0.5112099150433044,0.511216073859503
R_1_E_0_S_10_B_79.pt,29362176,29364271,22999900.75,0.2166826889805442,0.216738574916435
R_1_E_0_S_28_B_69.pt,29362176,29364271,17737168.75,0.3959177701952335,0.39596086856711
R_1_E_0_S_16_B_19.pt,29362176,29364271,15978640,0.45580872480295737,0.45584755024226553
R_0_E_0_S_2_B_9.pt,29362176,29364257,20063864.75,0.3166765041528257,0.3167249302442762
R_1_E_0_S_9_B_129.pt,29362176,29364271,20102195.5,0.31537105764913337,0.31541990264290914
R_0_E_0_S_1_B_19.pt,29362176,29364264,25521665.25,0.1307978928400947,0.13085969905460595
R_1_E_0_S_30_B_32.pt,135790592,135792303,64887617,0.5221493916161732,0.5221554125935989
R_0_E_0_S_33_B_86.pt,135790592,135792303,68913009.5,0.49250527238293507,0.4925116668799704
R_1_E_0_S_45_B_118.pt,135790592,135792310,41197649,0.6966089594778407,0.6966127978822954
R_0_E_0_S_2_B_123.pt,135790592,135792303,75641940.75,0.4429515356262678,0.4429585545065835
R_1_E_0_S_25_B_95.pt,29381632,29383791,12088157.5,0.5885811414423814,0.5886113708064422
R_0_E_0_S_26_B_113.pt,135790592,135792310,47232100.5,0.6521695663569977,0.6521739669941545
R_0_E_0_S_49_B_126.pt,135790592,135792310,43611375.25,0.6788336024781452,0.6788376657706169
R_1_E_0_S_1_B_22.pt,135790592,135792296,112793336.5,0.16935823875044304,0.1693686621220397
R_1_E_0_S_19_B_118.pt,135790592,135792310,49883917.5,0.6326408423051871,0.6326454900133889
R_0_E_0_S_47_B_15.pt,29381632,29383791,12972796.25,0.5584725773571734,0.5585050189745768
R_0_E_0_S_47_B_129.pt,29362176,29364278,15201347.25,0.482281311507703,0.48231837166233066
R_1_E_0_S_2_B_63.pt,135790592,135792296,94242962,0.30596839875328036,0.30597710786184806
R_1_E_0_S_34_B_51.pt,135790592,135792303,65587361,0.516996280567066,0.5170023664743354
R_0_E_0_S_38_B_71.pt,135790592,135792303,63788051,0.5302469039975907,0.5302528229453477
R_0_E_0_S_9_B_102.pt,135790592,135792303,75520050,0.4438491732917697,0.44385618086173856
R_0_E_0_S_8_B_6.pt,135790592,135792289,82077400.75,0.3955590034543778,0.3955665571702676
R_0_E_0_S_6_B_103.pt,135790592,135792303,85108047.5,0.37324047088623047,0.37324836813467993
R_1_E_0_S_13_B_86.pt,135790592,135792303,91095792.5,0.3291450375295514,0.3291534903859757
R_0_E_0_S_21_B_41.pt,135790592,135792303,64855576.5,0.522385346843469,0.5223913648478294
R_0_E_0_S_31_B_116.pt,135790592,135792310,53053492.5,0.6092992031436169,0.6093041461626214
R_0_E_0_S_3_B_122.pt,135790592,135792303,103426862.3,0.23833558181998352,0.23834517888690643
R_0_E_0_S_3_B_77.pt,135790592,135792296,104561213.5,0.2299819011025447,0.2299915637334831
R_1_E_0_S_0_B_56.pt,135790592,135792296,125465478.5,0.07603703134308451,0.07604862576298142
R_1_E_0_S_5_B_38.pt,135790592,135792296,73857640.75,0.4560916212074545,0.45609844648329684
R_0_E_0_S_1_B_81.pt,135790592,135792296,129421639.3,0.04690275413189155,0.04691471414549173
R_1_E_0_S_26_B_130.pt,29381632,29383798,10195796.25,0.6529874089363041,0.653012988654496
R_1_E_0_S_45_B_34.pt,29362176,29364271,17294576.75,0.41099131242861564,0.41103333537549763
R_1_E_0_S_45_B_111.pt,135790592,135792310,49172324.75,0.6378812108721051,0.6378857922808736
R_1_E_0_S_6_B_67.pt,135790592,135792296,83876813.25,0.3823076251851086,0.3823153763450616
R_0_E_0_S_20_B_107.pt,135790592,135792310,68413748.25,0.49618197223854804,0.4961883463798502
R_1_E_0_S_33_B_42.pt,135790592,135792303,63246737.75,0.5342332865740802,0.5342391552929182
R_1_E_0_S_40_B_112.pt,135790592,135792310,47547829,0.649844453141496,0.6498488831952266
R_0_E_0_S_14_B_114.pt,29362176,29364278,19753854.75,0.3272346453478107,0.3272828042971123
R_0_E_0_S_41_B_51.pt,135790592,135792303,63372513,0.5333070423612263,0.5333129227508573
R_1_E_0_S_29_B_64.pt,29362176,29364271,17962349.75,0.3882486859965692,0.38829233152084724
R_0_E_0_S_15_B_122.pt,135790592,135792310,59818224.75,0.5594818177830758,0.5594873910753856
R_1_E_0_S_19_B_41.pt,135790592,135792303,70945054.5,0.4775407231452382,0.4775473061974654
R_1_E_0_S_26_B_51.pt,135790592,135792303,66262647.5,0.5120232814067119,0.5120294299743926
R_1_E_0_S_51_B_64.pt,29362176,29364271,16687843.25,0.43165509088972154,0.4316956395750468
R_1_E_0_S_43_B_40.pt,29381632,29383791,14130931.75,0.5190555871777306,0.5190909249933067
R_1_E_0_S_24_B_54.pt,29362176,29364271,17646864,0.39899331711655156,0.39903619606289564
R_1_E_0_S_50_B_135.pt,29381632,29383798,6223681,0.788177831646656,0.7881934459255403
R_0_E_0_S_32_B_65.pt,29381632,29383791,13041876,0.5561214571062628,0.5561540714743036
R_1_E_0_S_33_B_70.pt,29381632,29383791,12764727.75,0.5655541615251324,0.5655860828168836
R_0_E_0_S_52_B_125.pt,29381632,29383798,10915795,0.6284823457049629,0.6285097317916493
R_1_E_0_S_33_B_71.pt,135790592,135792303,65902937.5,0.5146722867221906,0.514678401912073
R_1_E_0_S_3_B_47.pt,135790592,135792296,100586931.8,0.2592496264395106,0.25925892180216176
R_0_E_0_S_13_B_94.pt,29362176,29364271,22377814.25,0.23786935103174914,0.23792372540084514
R_0_E_0_S_6_B_70.pt,29381632,29383784,16468935.25,0.4394819440254374,0.4395229950642164
R_0_E_0_S_40_B_15.pt,29381632,29383791,13017136.75,0.5569634542424329,0.5569960067439903
R_0_E_0_S_37_B_39.pt,29362176,29364271,17091869.75,0.4178949901396954,0.4179365205422604
R_0_E_0_S_5_B_112.pt,135790592,135792303,101107456,0.25541633988899615,0.25542572173623124
R_1_E_0_S_48_B_88.pt,135790592,135792303,59954976.5,0.558474739546021,0.5584803028195199
R_1_E_0_S_16_B_34.pt,29362176,29364271,17940521,0.38899211693302294,0.3890357094170667
R_0_E_0_S_1_B_28.pt,135790592,135792296,113885225.5,0.16131726194992949,0.1613277862243378
R_0_E_0_S_40_B_60.pt,29381632,29383791,13036076.75,0.5563188338210757,0.556351433686688
R_0_E_0_S_8_B_105.pt,29381632,29383791,16056795,0.4535090834981529,0.4535492374009875
R_1_E_0_S_9_B_15.pt,29381632,29383784,14674648.5,0.5005502587466891,0.5005868372841292
R_1_E_0_S_51_B_45.pt,29381632,29383791,13585753,0.5376106745874429,0.5376446490515808
R_0_E_0_S_37_B_81.pt,135790592,135792303,66761417.75,0.5083501974127927,0.5083563922617912
R_0_E_0_S_50_B_66.pt,135790592,135792303,61453787,0.5474370787042449,0.5474427810536507
R_1_E_0_S_37_B_92.pt,135790592,135792303,63223743,0.5344026263616259,0.5344084929467615
R_1_E_0_S_5_B_4.pt,29362176,29364257,25039391.75,0.14722288463906763,0.14728331964946365
R_1_E_0_S_40_B_98.pt,135790592,135792303,57797542.5,0.5743626885432535,0.574368051626608
R_0_E_0_S_38_B_17.pt,135790592,135792303,57884958.25,0.5737189344457678,0.5737243056405046
R_1_E_0_S_5_B_5.pt,29381632,29383777,18194906.25,0.3807387469150795,0.38078395265523557
R_0_E_0_S_28_B_121.pt,135790592,135792310,55048448.5,0.5946077877029949,0.5946129165929941
R_0_E_0_S_1_B_105.pt,29381632,29383791,24548517.75,0.16449441099800038,0.1645558005091991
R_0_E_0_S_8_B_35.pt,29381632,29383784,16655259.5,0.4331404225605984,0.4331819380376605
R_0_E_0_S_48_B_102.pt,135790592,135792310,63320618,0.5336892116944302,0.5336951113063766
R_0_E_0_S_35_B_97.pt,135790592,135792303,62482051.25,0.5398646524053743,0.5398704501682986
R_0_E_0_S_5_B_2.pt,135790592,135792289,76456157.5,0.4369554151439298,0.43696245152771523
R_1_E_0_S_5_B_55.pt,29381632,29383784,17549405,0.4027082974832712,0.40275204173839557
R_1_E_0_S_6_B_109.pt,29362176,29364271,24261085.5,0.17372998854035887,0.17378893894556416
R_1_E_0_S_14_B_115.pt,29381632,29383798,11647627,0.6035745393584673,0.6036037615014914
R_1_E_0_S_23_B_25.pt,29381632,29383791,13502131.5,0.5404567213965514,0.540490486744886
R_0_E_0_S_1_B_58.pt,135790592,135792296,122666070.8,0.09665265506759113,0.09666399079075885
R_1_E_0_S_9_B_120.pt,29381632,29383791,11254836,0.6169431296396334,0.6169712750815577
R_0_E_0_S_31_B_50.pt,29381632,29383791,13566969.75,0.5382499600430637,0.538283887535138
R_1_E_0_S_40_B_4.pt,29362176,29364264,16473523,0.43895428594937924,0.4389941801367812
R_0_E_0_S_26_B_24.pt,29362176,29364271,16799935.75,0.42783750938622533,0.4278783304376942
R_0_E_0_S_24_B_84.pt,29362176,29364271,16951393.25,0.42267925749099794,0.42272044655901725
R_1_E_0_S_30_B_138.pt,135790592,135792310,46057357.25,0.6608207050897901,0.6608249962755622
R_0_E_0_S_8_B_38.pt,135790592,135792296,76808026,0.43436415683348667,0.43437125475807553
R_1_E_0_S_35_B_6.pt,135790592,135792296,64978301.75,0.5214815636859437,0.5214875684110974
R_0_E_0_S_7_B_113.pt,135790592,135792303,67474710.5,0.5030973095691342,0.5031035706051763
R_0_E_0_S_10_B_138.pt,135790592,135792310,85973388.25,0.36686785893090446,0.3668758691121758
R_1_E_0_S_33_B_52.pt,135790592,135792303,63400896.5,0.5330980183074834,0.5331039013308435
R_0_E_0_S_18_B_28.pt,135790592,135792303,63860889,0.5297105045392246,0.5297164302456819
R_1_E_0_S_23_B_68.pt,135790592,135792303,61072069.5,0.5502481534214093,0.5502538203509223
R_1_E_0_S_17_B_12.pt,135790592,135792303,64124435,0.527769677887552,0.5277756280486678
R_1_E_0_S_22_B_17.pt,135790592,135792303,64350898.25,0.5261019390062015,0.5261079101810359
R_1_E_0_S_49_B_56.pt,135790592,135792303,62096998.75,0.5427002869977914,0.5427060490313652
R_0_E_0_S_14_B_33.pt,135790592,135792303,71993724.25,0.46981802502193964,0.469824705381129
R_1_E_0_S_35_B_3.pt,135790592,135792296,59052141,0.5651234733552086,0.5651289304365249
R_1_E_0_S_30_B_132.pt,135790592,135792310,34702336.25,0.7444422640855708,0.7444454973186626
R_1_E_0_S_6_B_12.pt,135790592,135792296,74344865.25,0.45250356335437436,0.45251043365523475
R_1_E_0_S_45_B_98.pt,135790592,135792303,58915479.5,0.5661298869659541,0.5661353537836382
R_1_E_0_S_34_B_37.pt,135790592,135792303,65108633,0.5205217678114255,0.5205278092971146
R_0_E_0_S_26_B_71.pt,135790592,135792303,67877615.75,0.5001302023191709,0.5001365007411356
R_1_E_0_S_0_B_122.pt,135790592,135792303,99122365.5,0.270035103020981,0.2700443006699724
R_0_E_0_S_47_B_128.pt,135790592,135792310,33186249,0.7556071557593622,0.7556102477378873
R_0_E_0_S_35_B_138.pt,135790592,135792310,42588978.5,0.68636281886156,0.6863667868968427
R_0_E_0_S_23_B_128.pt,135790592,135792310,44454849.5,0.6726220215609635,0.6726261634403303
R_1_E_0_S_31_B_113.pt,135790592,135792310,43348241.5,0.6807713932052082,0.6807754319813839
R_1_E_0_S_40_B_132.pt,135790592,135792310,32561531.25,0.7602077524634402,0.7602107862367169
R_0_E_0_S_4_B_84.pt,29362176,29364264,25201773.25,0.14169258947293278,0.1417536210000019
R_1_E_0_S_4_B_94.pt,29362176,29364200,26052491.5,0.11271931957631479,0.1127804775883559
R_0_E_0_S_12_B_110.pt,29381632,29383798,19773131,0.32702407408819223,0.32707368189775876
R_1_E_0_S_46_B_93.pt,135790592,135792303,50030132,0.6315640777234405,0.6315687200621378
R_1_E_0_S_2_B_44.pt,29362176,29364264,24501974,0.16552594739572435,0.1655852842080428
R_1_E_0_S_19_B_95.pt,29381632,29383791,13305123.5,0.5471618628944778,0.5471951355766177
R_0_E_0_S_18_B_75.pt,29381632,29383791,13997830.25,0.5235856793114828,0.5236206842745377
R_0_E_0_S_44_B_49.pt,29362176,29364271,17060519,0.4189627158423136,0.419004170067767
R_1_E_0_S_37_B_12.pt,135790592,135792303,60478570.25,0.5546188483367095,0.5546244601949198
R_0_E_0_S_39_B_3.pt,135790592,135792296,60534169.25,0.5542094017087723,0.5542149957461504
R_0_E_0_S_52_B_47.pt,135790592,135792303,68228513,0.4975460965661008,0.49755242754812107
R_0_E_0_S_40_B_44.pt,29362176,29364271,17934722.75,0.38918959037640805,0.38923316877166814
R_1_E_0_S_39_B_22.pt,135790592,135792303,59784366,0.5597311631132738,0.5597367105556785
R_0_E_0_S_7_B_123.pt,135790592,135792303,68654309.25,0.494410413572687,0.4944167840647051
R_1_E_0_S_47_B_81.pt,135790592,135792303,64427198.5,0.5255400425678974,0.5255460208226972
R_1_E_0_S_49_B_86.pt,135790592,135792303,65315824.5,0.5189959515015591,0.5190020122127246
R_1_E_0_S_41_B_82.pt,135790592,135792303,63944897,0.5290918460683933,0.5290977795700247
R_1_E_0_S_3_B_1.pt,135790592,135792289,102020489.3,0.2486925069889967,0.24870189609956425
R_1_E_0_S_7_B_58.pt,135790592,135792296,80694442,0.4057434995202024,0.40575095659329596
R_0_E_0_S_21_B_28.pt,135790592,135792303,61375789.25,0.5480114760085882,0.5480171711205163
R_1_E_0_S_6_B_31.pt,135790592,135792296,79193231.75,0.4167988327939538,0.41680615113835323
R_0_E_0_S_40_B_81.pt,135790592,135792303,65882240,0.5148247089165058,0.5148308221858495
R_1_E_0_S_45_B_16.pt,135790592,135792303,64530879,0.5247765102901975,0.5247824981655993
R_0_E_0_S_30_B_91.pt,135790592,135792303,67445644,0.5033113634264147,0.5033176217653514
R_0_E_0_S_8_B_82.pt,135790592,135792296,86570832.75,0.36246811008821583,0.36247611020583964
R_0_E_0_S_33_B_11.pt,135790592,135792303,64747222.75,0.5231832942447147,0.523189302194838
R_1_E_0_S_21_B_127.pt,135790592,135792310,60139322.75,0.5571171620637754,0.5571227652729378
R_1_E_0_S_9_B_1.pt,135790592,135792289,78110568.5,0.4247718685842389,0.4247790572261434
R_0_E_0_S_23_B_26.pt,135790592,135792303,68616540.75,0.4946885513983178,0.49469491838576446
R_1_E_0_S_11_B_78.pt,135790592,135792303,80626897.5,0.40624091616008273,0.40624839759879466
R_1_E_0_S_15_B_68.pt,135790592,135792303,67471203.5,0.5031231361006218,0.5031293968112464
R_1_E_0_S_6_B_23.pt,135790592,135792296,69808507,0.48591057766358364,0.4859170287539729
R_1_E_0_S_30_B_92.pt,135790592,135792303,66679684.25,0.5089521058277734,0.5089582930926505
R_0_E_0_S_21_B_103.pt,135790592,135792310,62160400.5,0.5422333787306856,0.5422391702446184
R_0_E_0_S_1_B_44.pt,29362176,29364264,30218010.5,-0.029147516,-0.029074337
R_0_E_0_S_7_B_45.pt,29381632,29383784,16870004,0.4258316216063151,0.4258736723629605
R_1_E_0_S_52_B_134.pt,29362176,29364278,14772872.25,0.49687406512378374,0.49691008067693676
R_0_E_0_S_45_B_93.pt,135790592,135792303,51020833,0.6242682777316414,0.624273011998331
R_1_E_0_S_46_B_8.pt,135790592,135792296,66658662.75,0.5091069140489497,0.5091130740583398
R_0_E_0_S_27_B_132.pt,135790592,135792310,31785680.25,0.7659213368036573,0.7659242982905291
R_1_E_0_S_11_B_100.pt,29381632,29383798,16528304.5,0.43746131937123167,0.43750278639949813
R_1_E_0_S_31_B_131.pt,135790592,135792310,35667498.25,0.7373345404518157,0.7373378636095078
R_1_E_0_S_43_B_58.pt,135790592,135792303,58198029.5,0.5714133899644535,0.5714187902093391
R_0_E_0_S_28_B_80.pt,29381632,29383791,12843435.25,0.5628753620629379,0.5629074801818459
R_0_E_0_S_11_B_54.pt,29362176,29364271,23220370.5,0.20917405780824963,0.2092304794489875
R_0_E_0_S_52_B_84.pt,29362176,29364271,18319596.75,0.37608177438892815,0.3761262879640363
R_0_E_0_S_30_B_107.pt,135790592,135792310,70833226.75,0.47836425405671695,0.47837085362197607
R_1_E_0_S_19_B_137.pt,135790592,135792310,54861618,0.5959836598989126,0.5959887713818257
R_1_E_0_S_29_B_10.pt,29381632,29383791,12881738.5,0.5615717159618635,0.5616039298673204
R_0_E_0_S_30_B_42.pt,135790592,135792303,65375557.5,0.5185560609383012,0.5185621271921429
R_1_E_0_S_41_B_16.pt,135790592,135792303,62864332.75,0.5370494242340441,0.5370552574691955
R_1_E_0_S_7_B_19.pt,29362176,29364264,20539971.5,0.3004615359570081,0.30051127792612137
R_0_E_0_S_22_B_75.pt,29381632,29383791,14723371,0.4988919948354128,0.4989288141887478
R_1_E_0_S_5_B_74.pt,29362176,29364264,23703348.25,0.1927250810702858,0.19278248383817828
R_1_E_0_S_47_B_56.pt,135790592,135792303,61655442,0.5459520347330101,0.5459577557941557
R_0_E_0_S_6_B_117.pt,135790592,135792303,87371076.25,0.35657489253747415,0.35658299977429503
R_1_E_0_S_46_B_100.pt,29381632,29383798,12276987,0.5821543541216498,0.5821851552341872
R_1_E_0_S_13_B_31.pt,135790592,135792303,84868979.75,0.3750010328403311,0.37500890790547975
R_1_E_0_S_40_B_25.pt,29381632,29383791,13025718.25,0.5566713840129779,0.5567039579746534
R_0_E_0_S_21_B_88.pt,135790592,135792303,64043310.5,0.5283671014557474,0.5283730440892516
R_0_E_0_S_31_B_29.pt,29362176,29364271,15782550.25,0.4624870360425603,0.46252538501636903
R_0_E_0_S_2_B_104.pt,29362176,29364271,26848379.75,0.08561341809271901,0.08567865519290432
R_1_E_0_S_12_B_98.pt,135790592,135792303,96157481,0.29186934393805425,0.29187826647287957
R_0_E_0_S_28_B_116.pt,135790592,135792310,54491605,0.598708539395719,0.5987136164043457
R_0_E_0_S_27_B_139.pt,29362176,29364278,18090787.5,0.38387442742663214,0.3839185318978386
R_1_E_0_S_31_B_36.pt,135790592,135792303,64504943.75,0.524967504744364,0.5249734902132118
R_1_E_0_S_46_B_6.pt,135790592,135792296,66144867.75,0.5128906445153432,0.5128967570443024
R_1_E_0_S_35_B_128.pt,135790592,135792310,33602693,0.7525403453576519,0.7525434761364617
R_1_E_0_S_0_B_61.pt,135790592,135792296,127041576.5,0.06443020367714429,0.06444194374620486
R_1_E_0_S_23_B_119.pt,29362176,29364278,15287947.75,0.4793319217894478,0.47936919307193593
R_0_E_0_S_19_B_104.pt,29362176,29364278,18635701.75,0.3653160532107702,0.3653614861567514
R_0_E_0_S_7_B_75.pt,29381632,29383784,16425559.5,0.44095823200018297,0.4409991749190642
R_0_E_0_S_15_B_93.pt,135790592,135792303,58035919.75,0.5726072116247936,0.5726125968273769
R_1_E_0_S_7_B_125.pt,29381632,29383791,13598098,0.5371905141280103,0.5372245194638091
R_1_E_0_S_11_B_64.pt,29362176,29364271,23278079.25,0.20720864659349497,0.2072652084569033
R_1_E_0_S_50_B_82.pt,135790592,135792303,62262030,0.5414849505921588,0.5414907279391233
R_1_E_0_S_49_B_116.pt,135790592,135792310,48317403.75,0.6441770888663627,0.644181590621737
R_0_E_0_S_29_B_36.pt,135790592,135792303,66109135.25,0.5131537886660071,0.513159922989155
R_1_E_0_S_22_B_84.pt,29362176,29364271,17957712.5,0.3884066187737585,0.3884502530302898
R_1_E_0_S_23_B_110.pt,29381632,29383798,11129635.5,0.6212043122723748,0.6212322348526899
R_1_E_0_S_45_B_35.pt,29381632,29383791,13847261.5,0.5287102670130781,0.5287448954425248
R_0_E_0_S_9_B_69.pt,29362176,29364264,20152269.25,0.3136656748464419,0.3137144779109737
R_0_E_0_S_44_B_13.pt,135790592,135792303,62206031,0.5418973429322703,0.5419031150830397
R_0_E_0_S_36_B_5.pt,29381632,29383784,11227184.75,0.6178842363147152,0.6179122215845311
R_1_E_0_S_1_B_109.pt,29362176,29364271,29002831.75,0.012238338534582723,0.0123088105950255
R_1_E_0_S_43_B_25.pt,29381632,29383791,12866420,0.5620930791046597,0.5621252547024991
R_1_E_0_S_31_B_91.pt,135790592,135792303,62335165,0.5409463639425035,0.5409521480757271
R_0_E_0_S_51_B_11.pt,135790592,135792303,62545368.5,0.5393983664199652,0.5394041700581512
R_1_E_0_S_0_B_99.pt,29362176,29364200,29426673.25,-0.00219661,-0.002127531
R_0_E_0_S_23_B_46.pt,135790592,135792303,68224642.5,0.4975746000135267,0.4975809306363999
R_1_E_0_S_3_B_110.pt,29381632,29383791,22107714,0.24756684720576447,0.2476221328963305
R_0_E_0_S_36_B_89.pt,29362176,29364271,16288244.75,0.4452643853779774,0.4453039631053671
R_0_E_0_S_46_B_100.pt,29381632,29383798,12203644.5,0.5846505565109521,0.5846811736181959
R_1_E_0_S_4_B_38.pt,135790592,135792296,91383163.5,0.32702875689650135,0.327037201727556
R_1_E_0_S_47_B_115.pt,29381632,29383798,10355664.25,0.6475463224779345,0.6475723032808761
R_1_E_0_S_12_B_127.pt,135790592,135792310,116922910.3,0.13894689957607667,0.13895779333896005
R_0_E_0_S_39_B_6.pt,135790592,135792296,66883427.25,0.5074516852389892,0.5074578660191444
R_1_E_0_S_25_B_25.pt,29381632,29383791,13337422.5,0.5460625706563883,0.5460959241099965
R_1_E_0_S_4_B_128.pt,135790592,135792303,131294284.8,0.03311206751348429,0.03312425042235273
R_0_E_0_S_20_B_138.pt,135790592,135792310,47186006.5,0.6525090154993949,0.6525134118419519
R_1_E_0_S_3_B_140.pt,29367296,29369263,22191685.75,0.244340175207142,0.24439078535951003
R_0_E_0_S_25_B_19.pt,29362176,29364271,15015257.5,0.48861904853373267,0.48865553311369453
R_1_E_0_S_24_B_93.pt,135790592,135792303,54331542.25,0.5998872863740075,0.5998923278442373
R_0_E_0_S_10_B_105.pt,29381632,29383798,16940678.75,0.42342621573913936,0.4234687173523314
R_1_E_0_S_48_B_109.pt,29362176,29364278,15413287.75,0.47506316459652037,0.4751007414519097
R_1_E_0_S_24_B_9.pt,29362176,29364264,16346609,0.443276649523523,0.4433162363613132
R_0_E_0_S_16_B_16.pt,135790592,135792303,70083692.75,0.4838840326287111,0.4838905357544455
R_1_E_0_S_35_B_15.pt,29381632,29383791,12888766.5,0.561332518901605,0.5613647503822771
R_1_E_0_S_39_B_121.pt,135790592,135792310,52202046.5,0.6155694902633608,0.6155743539527385
R_0_E_0_S_51_B_96.pt,135790592,135792303,62729972.25,0.5380388926355075,0.5380447134032331
R_0_E_0_S_37_B_94.pt,29362176,29364271,16762787.5,0.42910268298916265,0.42914341377655857
R_1_E_0_S_45_B_69.pt,29362176,29364271,16173063.5,0.4491871617416911,0.44922645959778806
R_1_E_0_S_50_B_20.pt,29381632,29383791,12310442.75,0.5810156920486922,0.5810464772908301
R_0_E_0_S_12_B_44.pt,29362176,29364271,24668828,0.15984333041256887,0.1599032715642762
R_0_E_0_S_48_B_41.pt,135790592,135792303,65239764.5,0.5195560786714886,0.5195621323249816
R_0_E_0_S_4_B_43.pt,135790592,135792296,89820797.5,0.3385344582635003,0.33854275871438244
R_0_E_0_S_48_B_76.pt,135790592,135792303,64650405.5,0.5238962836247153,0.5239022825910833
R_1_E_0_S_37_B_60.pt,29381632,29383791,13130282.5,0.5531125534483585,0.5531453888982535
R_0_E_0_S_52_B_57.pt,135790592,135792303,67949697,0.49959937578002456,0.4996056808904699
R_0_E_0_S_11_B_124.pt,29362176,29364278,25753779.75,0.12289267151044936,0.12295545798878488
R_0_E_0_S_52_B_26.pt,135790592,135792303,70227680.25,0.4828236682994946,0.48283018478595213
R_1_E_0_S_37_B_71.pt,135790592,135792303,65159230,0.5201491573142268,0.5201552034948549
R_0_E_0_S_47_B_30.pt,29381632,29383791,13865580.75,0.5280867737367345,0.5281214479779005
R_1_E_0_S_13_B_51.pt,135790592,135792303,84621138.5,0.37682620530883315,0.3768340573765805
R_1_E_0_S_6_B_136.pt,135790592,135792303,118042911,0.1306988999650285,0.13070985326760384
R_0_E_0_S_27_B_103.pt,135790592,135792310,58150481.75,0.5717635449295339,0.571768962837439
R_1_E_0_S_31_B_85.pt,29381632,29383791,12462080,0.5758547380894294,0.5758859025372186
R_0_E_0_S_3_B_15.pt,29381632,29383784,20469925.25,0.3033087729776208,0.3033597970227388
R_1_E_0_S_48_B_9.pt,29362176,29364264,15105817.5,0.4855348084556131,0.485571390449289
R_1_E_0_S_9_B_3.pt,135790592,135792289,66098829,0.5132296867812463,0.5132357699633445
R_1_E_0_S_16_B_120.pt,29381632,29383798,9326637.75,0.682569104738634,0.6825925038689689
R_0_E_0_S_30_B_95.pt,29381632,29383791,12239981.5,0.5834138314713083,0.5834444405080338
R_1_E_0_S_37_B_10.pt,29381632,29383791,13045637.5,0.5559934349460234,0.5560260587206055
R_1_E_0_S_35_B_89.pt,29362176,29364271,16220451.25,0.4475732571727654,0.4476126701732183
R_0_E_0_S_37_B_1.pt,135790592,135792296,61059551,0.550340343166042,0.5503459857545968
R_1_E_0_S_8_B_82.pt,135790592,135792296,85959301.5,0.3669715977083302,0.36697954131359556
R_1_E_0_S_33_B_7.pt,135790592,135792296,61080254.5,0.5501878767860442,0.550193521287835
R_0_E_0_S_31_B_77.pt,135790592,135792303,65556062.5,0.5172267714982788,0.5172328545013336
R_0_E_0_S_4_B_79.pt,29362176,29364264,25970699.5,0.11550494418397328,0.11556783783172635
R_0_E_0_S_50_B_128.pt,135790592,135792310,31303027,0.7694757306897962,0.7694786472076365
R_0_E_0_S_46_B_30.pt,29381632,29383791,13802661.5,0.5302282221763583,0.5302627390727085
R_0_E_0_S_11_B_2.pt,135790592,135792296,78716411.75,0.420310268991242,0.4203175432721161
R_0_E_0_S_22_B_137.pt,135790592,135792310,71829858.5,0.4710247783587246,0.4710314707806355
R_1_E_0_S_26_B_10.pt,29381632,29383791,13462923,0.5417911775629073,0.5418248448608962
R_1_E_0_S_31_B_19.pt,29362176,29364271,14665289.25,0.5005380646856691,0.5005736989009535
R_1_E_0_S_20_B_129.pt,29362176,29364278,17498253.75,0.4040545990188193,0.4040972589211967
R_0_E_0_S_4_B_32.pt,135790592,135792296,90783914.75,0.33144179274216584,0.33145018219590305
R_1_E_0_S_37_B_39.pt,29362176,29364271,17242239,0.4127738012332601,0.41281569700810894
R_1_E_0_S_9_B_37.pt,135790592,135792296,72706758.75,0.4645670390037036,0.46457375792511824
R_1_E_0_S_37_B_126.pt,135790592,135792310,43881864.25,0.6768416456274085,0.6768457341214683
R_1_E_0_S_37_B_2.pt,135790592,135792296,54788302.75,0.5965235739601165,0.5965286370148716
R_1_E_0_S_46_B_1.pt,135790592,135792296,65027044.5,0.5211226084057429,0.5211286176352744
R_0_E_0_S_32_B_78.pt,135790592,135792303,62546967.25,0.5393865927766188,0.5393923965631543
R_1_E_0_S_48_B_54.pt,29362176,29364271,17131063.5,0.41656015208137165,0.41660177771823453
R_0_E_0_S_34_B_26.pt,135790592,135792303,64667073,0.5237735394805555,0.5237795399935149
R_0_E_0_S_1_B_112.pt,135790592,135792303,106050793.5,0.2190122162513291,0.21902205679507475
R_1_E_0_S_18_B_120.pt,29381632,29383798,9405579.25,0.6798823411170625,0.6799059382997392
R_1_E_0_S_3_B_79.pt,29362176,29364264,24798938.5,0.15541210229105637,0.1554721582669329
R_1_E_0_S_8_B_135.pt,29381632,29383791,21969049.75,0.25228626680777977,0.2523412057348216
R_1_E_0_S_45_B_53.pt,135790592,135792303,59012446.25,0.5654157966260284,0.5654212724413401
R_1_E_0_S_23_B_17.pt,135790592,135792303,62168079,0.542176832103361,0.542182600732532
R_0_E_0_S_35_B_88.pt,135790592,135792303,59825998,0.55942457339018,0.5594301246956538
R_1_E_0_S_9_B_24.pt,29362176,29364264,19581936,0.3330897546557857,0.33313717653539693
R_0_E_0_S_20_B_55.pt,29381632,29383791,14449294.25,0.5082201611537439,0.5082562951118186
R_1_E_0_S_49_B_133.pt,135790592,135792310,29149327,0.7853361814638823,0.7853388973204742
R_1_E_0_S_38_B_65.pt,29381632,29383791,13540007.75,0.5391676081845964,0.5392014682516629
R_0_E_0_S_13_B_110.pt,29381632,29383798,14952561,0.4910915431790855,0.49112905690408026
R_1_E_0_S_17_B_60.pt,29381632,29383791,13586732,0.5375773544505629,0.5376113313629273
R_0_E_0_S_42_B_31.pt,135790592,135792303,64425903,0.5255495829932018,0.5255555611277909
R_0_E_0_S_51_B_59.pt,29362176,29364271,16772923.5,0.4287574769662848,0.42879823238247594
R_1_E_0_S_40_B_69.pt,29362176,29364271,16433559,0.44031535673650346,0.44035528755336717
R_0_E_0_S_6_B_51.pt,135790592,135792296,84599692,0.3769841433491946,0.37699196131126617
R_1_E_0_S_45_B_88.pt,135790592,135792303,59672246,0.5605568462357098,0.560562383274404
R_0_E_0_S_45_B_33.pt,135790592,135792303,61483771.75,0.5472162625964544,0.5472219677281709
R_1_E_0_S_37_B_86.pt,135790592,135792303,68243689.25,0.4974343344051405,0.49744066679537796
R_1_E_0_S_41_B_42.pt,135790592,135792303,61231302.25,0.5490755187958825,0.5490812005007383
R_0_E_0_S_51_B_62.pt,135790592,135792303,60459050.25,0.5547625990908118,0.5547682091377447
R_0_E_0_S_33_B_25.pt,29381632,29383791,13107866,0.5538754960922525,0.5539082754842627
R_1_E_0_S_12_B_62.pt,135790592,135792303,95843643.75,0.2941805294581822,0.2941894228717809
R_1_E_0_S_14_B_29.pt,29362176,29364271,19105613.25,0.34931207925461655,0.3493585027191719
R_0_E_0_S_45_B_76.pt,135790592,135792303,66386150.5,0.5111137706800778,0.5111199307077073
R_0_E_0_S_20_B_136.pt,135790592,135792310,59034596.5,0.5652526759733104,0.5652581762546053
R_1_E_0_S_4_B_65.pt,29381632,29383784,19861032.5,0.32403235803919944,0.324081864337146
R_0_E_0_S_48_B_80.pt,29381632,29383791,12323062,0.5805861975264002,0.5806170143260275
R_1_E_0_S_8_B_31.pt,135790592,135792296,83982786.75,0.3815272066123697,0.38153496756546484
R_1_E_0_S_5_B_24.pt,29362176,29364264,20213269.25,0.3115881721436449,0.31163712293282747
R_1_E_0_S_6_B_135.pt,29381632,29383791,22046682,0.2496440633386192,0.24969919640389493
R_1_E_0_S_13_B_44.pt,29362176,29364271,22905785.75,0.21988800319158908,0.2199436604436732
R_0_E_0_S_6_B_90.pt,29381632,29383784,15505784.5,0.4722626537559248,0.4723013040117638
R_0_E_0_S_28_B_12.pt,135790592,135792303,63144646,0.5349851188512382,0.5349909780968956
R_0_E_0_S_15_B_80.pt,29381632,29383791,14061250,0.5214271964198585,0.5214623599793505
R_1_E_0_S_28_B_63.pt,135790592,135792303,63248689.25,0.5342189151808102,0.5342247840807295
R_0_E_0_S_1_B_111.pt,135790592,135792303,108752235.5,0.19911803978290338,0.1991281309957605
R_1_E_0_S_40_B_140.pt,29367296,29369270,10333190,0.64813954951794,0.6481631991534008
R_1_E_0_S_47_B_134.pt,29362176,29364278,13557883.25,0.5382534574413014,0.5382865109096161
R_0_E_0_S_43_B_106.pt,135790592,135792310,66409952.25,0.5109384879182204,0.510944675364901
R_0_E_0_S_8_B_93.pt,135790592,135792296,69717213,0.4865828922816685,0.48658933493546647
R_1_E_0_S_4_B_1.pt,135790592,135792289,89602358.25,0.3401431061586358,0.34015135240853034
R_0_E_0_S_51_B_81.pt,135790592,135792303,64614595.25,0.5241600003481832,0.5241659959916873
R_1_E_0_S_13_B_72.pt,135790592,135792303,83769560.25,0.3830974663546647,0.38310523940373853
R_0_E_0_S_49_B_12.pt,135790592,135792303,60241197.25,0.556366929676542,0.5563725195087088
R_1_E_0_S_45_B_96.pt,135790592,135792303,63823068.25,0.5299890271485082,0.5299949493455457
R_0_E_0_S_42_B_53.pt,135790592,135792303,58883851.5,0.5663628044275704,0.5663682683104653
R_0_E_0_S_4_B_107.pt,135790592,135792303,99025246.75,0.270750312731533,0.2707595013687926
R_1_E_0_S_35_B_79.pt,29362176,29364271,16941470.25,0.4230172092831267,0.42305837423990533
R_1_E_0_S_17_B_118.pt,135790592,135792310,43086226.25,0.682700946984604,0.682704961348695
R_0_E_0_S_8_B_56.pt,135790592,135792296,82372685.5,0.39338444374703074,0.3933920559086798
R_1_E_0_S_8_B_55.pt,29381632,29383784,16834400.75,0.42704337356073346,0.4270853355714839
R_0_E_0_S_25_B_129.pt,29362176,29364278,16156946.5,0.4497360652017071,0.4497754550614185
R_1_E_0_S_39_B_38.pt,135790592,135792303,61725237.75,0.5454380392567991,0.5454437667943521
R_1_E_0_S_25_B_71.pt,135790592,135792303,64957775.75,0.5216327229061642,0.5216387503936802
R_0_E_0_S_27_B_73.pt,135790592,135792303,59062925,0.5650440569549914,0.5650495374542694
R_1_E_0_S_12_B_133.pt,135790592,135792310,78440879.5,0.4223393657492855,0.42234667412315174
R_0_E_0_S_7_B_133.pt,135790592,135792303,51201562,0.6229373386928013,0.6229420897294893
R_1_E_0_S_2_B_100.pt,29381632,29383791,19864252.75,0.32392275725187764,0.32397243262450376
R_0_E_0_S_16_B_25.pt,29381632,29383791,14011974.5,0.5231042816137647,0.5231393219479407
R_1_E_0_S_17_B_78.pt,135790592,135792303,63290971.5,0.5339075368343633,0.5339134096576887
R_0_E_0_S_27_B_95.pt,29381632,29383791,11336771.5,0.6141544656198812,0.6141828159613577
R_0_E_0_S_25_B_104.pt,29362176,29364278,15947638.5,0.45686455595116654,0.4569034355280249
R_0_E_0_S_25_B_28.pt,135790592,135792303,60089685.25,0.557482706533896,0.5574882823071349
R_1_E_0_S_0_B_20.pt,29381632,29383784,22405470.25,0.23743275220382584,0.23748860085549225
R_0_E_0_S_5_B_40.pt,29381632,29383784,16288296,0.44562997725926184,0.44567057803038573
R_0_E_0_S_6_B_12.pt,135790592,135792296,76594730.75,0.4359349228700616,0.43594200108377285
R_1_E_0_S_5_B_118.pt,135790592,135792303,77714272,0.4276903071458735,0.42769751831957664
R_0_E_0_S_18_B_137.pt,135790592,135792310,75657906.5,0.44283395936590364,0.44284100844885843
R_1_E_0_S_11_B_63.pt,135790592,135792303,80580904,0.40657962519229607,0.40658710236323187
R_1_E_0_S_36_B_24.pt,29362176,29364271,15915905,0.4579453171318093,0.45798399013549496
R_0_E_0_S_25_B_138.pt,135790592,135792310,42578647.25,0.68643890108381,0.6864428681565252
R_1_E_0_S_32_B_59.pt,29362176,29364271,17629852.25,0.3995726934543271,0.39961553106494624
R_1_E_0_S_43_B_122.pt,135790592,135792310,43940894.25,0.6764069321532967,0.6764110261472097
R_1_E_0_S_39_B_82.pt,135790592,135792303,67072327.5,0.50606057082364,0.5060667945222197
R_0_E_0_S_36_B_20.pt,29381632,29383791,12402317,0.5778887639733559,0.5779197789692964
R_0_E_0_S_29_B_110.pt,29381632,29383798,11468339.5,0.6096765659579427,0.6097053382956145
R_0_E_0_S_20_B_108.pt,135790592,135792310,59885217.5,0.5589884643849259,0.5589940439189819
R_0_E_0_S_35_B_78.pt,135790592,135792303,60199182.5,0.5566763380779723,0.5566819240115546
R_0_E_0_S_14_B_48.pt,135790592,135792303,74820937.75,0.4489976319567117,0.44900457465545746
R_1_E_0_S_41_B_34.pt,29362176,29364271,16960333,0.42237479265841876,0.4224160034485447
R_0_E_0_S_42_B_116.pt,135790592,135792310,50521662.25,0.6279443111198749,0.6279490182470568
R_1_E_0_S_13_B_91.pt,135790592,135792303,91540111.25,0.3258729496517697,0.32588144373691047
R_0_E_0_S_52_B_105.pt,29381632,29383798,12815076.5,0.5638405484079305,0.5638726995060339
R_1_E_0_S_11_B_111.pt,135790592,135792310,77116850.25,0.43208988845118224,0.4320970734646167
R_0_E_0_S_39_B_83.pt,135790592,135792303,64243086,0.5268958986495913,0.5269018598204347
R_0_E_0_S_41_B_62.pt,135790592,135792303,63063644,0.5355816402950803,0.5355874920244927
R_1_E_0_S_0_B_71.pt,135790592,135792296,126576686.8,0.06785378216776608,0.06786547927579044
R_1_E_0_S_8_B_96.pt,135790592,135792296,85199017.5,0.3725705422950067,0.37257841564148825
R_0_E_0_S_52_B_19.pt,29362176,29364271,15752291.5,0.46351757104105634,0.463555846491132
R_1_E_0_S_3_B_139.pt,29362176,29364271,32245575.5,-0.098201152,-0.0981228
R_1_E_0_S_39_B_2.pt,135790592,135792296,55225671,0.5933026715135022,0.5933077749859977
R_1_E_0_S_14_B_71.pt,135790592,135792303,76440483,0.4370708465576172,0.43707793953535057
R_0_E_0_S_8_B_57.pt,135790592,135792296,82074628.25,0.39557942092188536,0.3955870055396957
R_0_E_0_S_43_B_40.pt,29381632,29383791,14350414.75,0.5115855119960662,0.5116213986820148
R_0_E_0_S_31_B_104.pt,29362176,29364278,16891557.5,0.42471710884097963,0.42475828964703305
R_0_E_0_S_0_B_52.pt,135790592,135792296,125775485.3,0.07375405469916502,0.07376567776716876
R_1_E_0_S_28_B_101.pt,135790592,135792310,68768634.25,0.4935684922118905,0.4935748994180893
R_0_E_0_S_18_B_44.pt,29362176,29364271,18904576.75,0.35615886404331887,0.3562047990225945
R_1_E_0_S_24_B_48.pt,135790592,135792303,62964703,0.536310269565656,0.5363161121142485
R_0_E_0_S_48_B_83.pt,135790592,135792303,61466580.75,0.5473428619414222,0.5473485654779712
R_0_E_0_S_11_B_72.pt,135790592,135792303,83917931.75,0.3820048170200186,0.3820126038366107
R_0_E_0_S_17_B_75.pt,29381632,29383791,13790896.5,0.5306286424116945,0.5306631298868141
R_0_E_0_S_2_B_109.pt,29362176,29364271,25857807,0.11934977162455535,0.11941260179760635
R_1_E_0_S_38_B_3.pt,135790592,135792296,55206076.5,0.593446970906497,0.5934520725682405
R_1_E_0_S_39_B_138.pt,135790592,135792310,43727426.25,0.6779789703693169,0.6779830444743152
R_0_E_0_S_0_B_50.pt,29381632,29383784,24956217,0.15061842037909942,0.15068062711051783
R_0_E_0_S_13_B_37.pt,135790592,135792303,81606817,0.39902451415779966,0.39903208652407934
R_1_E_0_S_11_B_79.pt,29362176,29364271,22637860.75,0.22901283780875095,0.2290678440476183
R_0_E_0_S_25_B_25.pt,29381632,29383791,13127122.75,0.5532200951260978,0.5532529226742731
R_0_E_0_S_29_B_100.pt,29381632,29383798,12711016.5,0.5673822168897902,0.567414106917016
R_0_E_0_S_39_B_91.pt,135790592,135792303,65923207.75,0.5145230109166915,0.5145291279874677
R_1_E_0_S_12_B_3.pt,135790592,135792296,78026917.5,0.4253878980069547,0.4253951085708132
R_1_E_0_S_41_B_128.pt,135790592,135792310,32219464.75,0.7627268260970539,0.762729827999833
R_0_E_0_S_38_B_46.pt,135790592,135792303,63773608.75,0.5303532607767113,0.5303591783843595
R_1_E_0_S_26_B_84.pt,29362176,29364271,17337094.5,0.40954326750170017,0.4095853937596476
R_1_E_0_S_18_B_23.pt,135790592,135792303,63277824.5,0.5340043550292497,0.5340102266326539
R_0_E_0_S_16_B_49.pt,29362176,29364271,18879297.75,0.3570198015978107,0.3570656751533181
R_1_E_0_S_17_B_130.pt,29381632,29383798,10429886.5,0.6450201779125135,0.6450463449279089
R_1_E_0_S_8_B_58.pt,135790592,135792296,77721429.5,0.42763759730865597,0.4276447796419909
R_1_E_0_S_42_B_2.pt,135790592,135792296,55714277.25,0.5897044380659302,0.589709586691133
R_0_E_0_S_17_B_117.pt,135790592,135792310,50689143,0.6267109359093155,0.6267156586407581
R_0_E_0_S_32_B_14.pt,29362176,29364271,15456489.5,0.4735918243933965,0.4736293810937789
R_1_E_0_S_2_B_92.pt,135790592,135792296,98198531.75,0.2768384738318248,0.27684754847948073
R_0_E_0_S_29_B_108.pt,135790592,135792310,60183212.25,0.5567939474775985,0.5567995547759663
R_0_E_0_S_21_B_11.pt,135790592,135792303,65214091.25,0.519745143684181,0.5197511949554313
R_1_E_0_S_40_B_36.pt,135790592,135792303,64767117,0.5230367874086593,0.5230427972047871
R_1_E_0_S_13_B_136.pt,135790592,135792310,80627647.5,0.406235392949756,0.40624290506583177
R_0_E_0_S_14_B_122.pt,135790592,135792310,73867388.5,0.4560198360428387,0.456026718302384
R_1_E_0_S_24_B_25.pt,29381632,29383791,13487738,0.5409466022854006,0.5409803316393041
R_1_E_0_S_12_B_22.pt,135790592,135792303,80736304,0.40543521601260857,0.4054427076032432
R_1_E_0_S_11_B_106.pt,135790592,135792310,91413893,0.3268024562408565,0.3268109733165302
R_0_E_0_S_45_B_131.pt,135790592,135792310,38623603.25,0.7155649542348265,0.7155685528142205
R_0_E_0_S_10_B_34.pt,29362176,29364271,23314334,0.20597390329654042,0.20603055325296515
R_0_E_0_S_29_B_76.pt,135790592,135792303,66739231.5,0.5085135831796065,0.5085197759699237
R_0_E_0_S_29_B_64.pt,29362176,29364271,17510980.5,0.40362115873155996,0.4036637075035849
R_0_E_0_S_47_B_137.pt,135790592,135792310,44000951,0.6759646574042478,0.6759687569936766
R_1_E_0_S_49_B_14.pt,29362176,29364271,14834485.75,0.4947756681929841,0.4948117135276404
R_0_E_0_S_24_B_40.pt,29381632,29383791,14294612.25,0.5134847427807958,0.5135204899190849
R_1_E_0_S_20_B_100.pt,29381632,29383798,12680351,0.5684259131691528,0.5684577262612546
R_1_E_0_S_36_B_13.pt,135790592,135792303,61682549.5,0.5457524075011029,0.5457581310775766
R_1_E_0_S_8_B_92.pt,135790592,135792296,85395579.25,0.37112300644510043,0.3711308979560961
R_0_E_0_S_3_B_104.pt,29362176,29364271,27654009.75,0.058175737724615505,0.05824293237179292
R_1_E_0_S_11_B_82.pt,135790592,135792303,86113896.75,0.3658331149333232,0.365841105515384
R_1_E_0_S_48_B_67.pt,135790592,135792303,63273776,0.5340341693185932,0.5340400405463335
R_0_E_0_S_43_B_61.pt,135790592,135792303,62829085.75,0.5373089930265567,0.5373148229911087
R_0_E_0_S_17_B_20.pt,29381632,29383791,13447229,0.5423253207990625,0.5423589488504054
R_1_E_0_S_2_B_117.pt,135790592,135792303,88631065.5,0.3472959783546713,0.34730420250697125
R_1_E_0_S_18_B_31.pt,135790592,135792303,68959707,0.49216137889729505,0.49216777772743125
R_1_E_0_S_43_B_45.pt,29381632,29383791,13360004,0.5452940122590876,0.545327422183203
R_1_E_0_S_16_B_37.pt,135790592,135792303,65977216,0.5141252790178571,0.514131401100105
R_0_E_0_S_1_B_77.pt,135790592,135792296,129109169.8,0.049203867157453736,0.049215798295361324
R_0_E_0_S_8_B_18.pt,135790592,135792296,73646053.25,0.45764981089411555,0.45765661661689555
R_0_E_0_S_50_B_76.pt,135790592,135792303,62705145.75,0.5382217219437412,0.5382275404077946
R_0_E_0_S_21_B_59.pt,29362176,29364271,17402555,0.4073138516709388,0.4073561369870207
R_1_E_0_S_46_B_65.pt,29381632,29383791,13324315.25,0.5465086741948166,0.5465419948705734
R_0_E_0_S_46_B_72.pt,135790592,135792303,63169699,0.534800621533486,0.5348064831038325
R_1_E_0_S_43_B_17.pt,135790592,135792303,58631951.25,0.5682178685103604,0.5682233090192159
R_0_E_0_S_25_B_65.pt,29381632,29383791,12510286.75,0.574214027661908,0.574245312662345
R_1_E_0_S_47_B_83.pt,135790592,135792303,60531054.75,0.5542323377601889,0.5542379544884808
R_0_E_0_S_18_B_130.pt,29381632,29383798,14210938,0.516332584929251,0.5163682380337626
R_1_E_0_S_31_B_86.pt,135790592,135792303,66009445.5,0.5138879319415589,0.5138940570144097
R_1_E_0_S_6_B_74.pt,29362176,29364264,23144965.75,0.21174214915134354,0.21179819967563293
R_0_E_0_S_49_B_97.pt,135790592,135792303,63550790.25,0.5319941586969442,0.5320000556290735
R_1_E_0_S_33_B_20.pt,29381632,29383791,12798898.75,0.5643911560120282,0.5644231627566368
R_0_E_0_S_32_B_62.pt,135790592,135792303,63264850.5,0.5340998992036208,0.5341057696031564
R_1_E_0_S_18_B_57.pt,135790592,135792303,67700682.25,0.5014331902316178,0.5014394722357717
R_1_E_0_S_24_B_137.pt,135790592,135792310,50162384,0.6305901369072756,0.630594810560333
R_0_E_0_S_44_B_81.pt,135790592,135792303,63128632,0.5351030504381334,0.535108908197838
R_0_E_0_S_22_B_30.pt,29381632,29383791,14215680.75,0.516171166053676,0.5162067158046421
R_1_E_0_S_46_B_111.pt,135790592,135792310,52744450.5,0.6115750750979861,0.6115799893234013
R_0_E_0_S_31_B_49.pt,29362176,29364271,18041631.5,0.3855485540308729,0.3855923921966256
R_0_E_0_S_21_B_58.pt,135790592,135792303,61005022.5,0.550741906331773,0.5507475670399374
R_1_E_0_S_45_B_85.pt,29381632,29383791,12417857.5,0.5773598450896125,0.5773908989483352
R_0_E_0_S_38_B_116.pt,135790592,135792310,46628201.75,0.6566168461066876,0.656621190478312
R_0_E_0_S_40_B_102.pt,135790592,135792310,62255419.75,0.541533630326908,0.5415394306938294
R_0_E_0_S_50_B_77.pt,135790592,135792303,61875407.5,0.5443321471048598,0.5443378885767922
R_1_E_0_S_37_B_83.pt,135790592,135792303,63609914.5,0.5315587511394014,0.5315646535577204
R_0_E_0_S_6_B_86.pt,135790592,135792296,91252869.5,0.3279882784515734,0.3279967112419986
R_0_E_0_S_16_B_138.pt,135790592,135792310,55175841.25,0.5936696317665365,0.5936747725257785
R_0_E_0_S_18_B_81.pt,135790592,135792303,70173812.25,0.48322036735799784,0.48322687884599763
R_1_E_0_S_32_B_127.pt,135790592,135792310,39879306,0.7063176070401107,0.7063213226139241
R_0_E_0_S_34_B_8.pt,135790592,135792296,62996150,0.5360786850387985,0.5360845065908599
R_0_E_0_S_38_B_13.pt,135790592,135792303,60984147.75,0.5508956338447953,0.550901292615974
R_0_E_0_S_12_B_120.pt,29381632,29383798,21247157,0.27685579208125677,0.27690909800019725
R_0_E_0_S_6_B_105.pt,29381632,29383791,18116514.75,0.38340679135862843,0.3834520960893031
R_0_E_0_S_28_B_131.pt,135790592,135792310,38915207.75,0.7134174969205525,0.7134211226688757
R_1_E_0_S_31_B_129.pt,29362176,29364278,15429723.5,0.4745034053334467,0.4745410222584053
R_0_E_0_S_12_B_4.pt,29362176,29364264,23589176.75,0.1966134679527839,0.19667059422977534
R_1_E_0_S_37_B_26.pt,135790592,135792303,65568886.5,0.517132331965973,0.5171384161589777
R_0_E_0_S_29_B_13.pt,135790592,135792303,64712477.5,0.5234391680095186,0.5234451727356005
R_1_E_0_S_7_B_54.pt,29362176,29364264,21957439.25,0.25218623953483554,0.25223941420769136
R_1_E_0_S_2_B_16.pt,135790592,135792296,85605293,0.3695786155789055,0.369586526469808
R_1_E_0_S_11_B_37.pt,135790592,135792303,84054264.5,0.3810008244164662,0.38100862388349066
R_0_E_0_S_44_B_125.pt,29381632,29383798,9534816,0.6754837852437877,0.6755077066620183
R_0_E_0_S_13_B_128.pt,135790592,135792310,49513876.75,0.6353659261607756,0.6353705393921055
R_1_E_0_S_45_B_97.pt,135790592,135792303,62673937.25,0.5384515500897146,0.5384573656579048
R_0_E_0_S_44_B_29.pt,29362176,29364271,15243107.75,0.4808590565631103,0.4808960947813075
R_0_E_0_S_17_B_36.pt,135790592,135792303,69225361.25,0.49020502650139414,0.49021144998181526
R_1_E_0_S_52_B_28.pt,135790592,135792303,64025449.5,0.528498634868607,0.5285045758447737
R_0_E_0_S_20_B_112.pt,135790592,135792310,53193097,0.6082711164555494,0.6082760724815713
R_0_E_0_S_51_B_69.pt,29362176,29364271,15926261.75,0.4575925929331668,0.4576312911020335
R_1_E_0_S_17_B_55.pt,29381632,29383791,14030074.75,0.522488241973761,0.5225233275719937
R_1_E_0_S_50_B_126.pt,135790592,135792310,42759007,0.6851106813055208,0.6851146651824392
R_1_E_0_S_45_B_65.pt,29381632,29383791,12664735,0.5689574016855157,0.5689890729211898
R_0_E_0_S_7_B_38.pt,135790592,135792296,78309491,0.4233069475092943,0.42331418418611905
R_1_E_0_S_40_B_8.pt,135790592,135792296,61618594.5,0.5462233900563597,0.5462290843068152
R_1_E_0_S_4_B_119.pt,29362176,29364271,39481554.75,-0.344639946,-0.344544012
R_1_E_0_S_24_B_58.pt,135790592,135792303,62347115,0.5408583607912985,0.5408641460333727
R_0_E_0_S_24_B_57.pt,135790592,135792303,62902813.25,0.5367660430407432,0.536771879846533
R_0_E_0_S_41_B_132.pt,135790592,135792310,33850929.5,0.7507122621573076,0.7507154160644296
R_1_E_0_S_29_B_49.pt,29362176,29364271,18765903,0.36088173437826954,0.3609273324033823
R_1_E_0_S_41_B_111.pt,135790592,135792310,47916574.25,0.6471289097112118,0.6471333741211118
R_0_E_0_S_36_B_81.pt,135790592,135792303,65795727.5,0.515461811227688,0.5154679164694629
R_0_E_0_S_3_B_88.pt,135790592,135792296,97723264,0.28033847882480695,0.28034750955238286
R_1_E_0_S_12_B_78.pt,135790592,135792303,92396765.5,0.3195643075184472,0.31957288109326787
R_1_E_0_S_4_B_66.pt,135790592,135792296,96270030.5,0.2910404978571711,0.29104939428964366
R_1_E_0_S_11_B_32.pt,135790592,135792303,83169426.75,0.3875170177474445,0.3875247351096181
R_0_E_0_S_14_B_54.pt,29362176,29364271,20973963.25,0.2856808960616543,0.2857318593061616
R_0_E_0_S_23_B_95.pt,29381632,29383791,12709373.5,0.5674381361797738,0.567469919044823
R_1_E_0_S_18_B_102.pt,135790592,135792310,67618546.75,0.5020380590873336,0.5020443591393356
R_1_E_0_S_4_B_68.pt,135790592,135792296,90885105.5,0.3306965956816802,0.3307049944865797
R_0_E_0_S_26_B_52.pt,135790592,135792303,66246124,0.512144965094489,0.51215111212894
R_1_E_0_S_37_B_108.pt,135790592,135792310,58558722,0.5687571492434469,0.5687626051872893
R_1_E_0_S_17_B_61.pt,135790592,135792303,66001706,0.51394492778999,0.513951052144686
R_1_E_0_S_33_B_85.pt,29381632,29383791,12915716,0.5604152961959363,0.560447595070357
R_0_E_0_S_51_B_112.pt,135790592,135792310,45511598.5,0.6648398255749559,0.6648440659121271
R_1_E_0_S_32_B_131.pt,135790592,135792310,37856400.25,0.7212148522778368,0.7212183793765641
R_0_E_0_S_42_B_4.pt,29362176,29364264,16647612.25,0.43302525500834815,0.4330655707904002
R_1_E_0_S_49_B_9.pt,29362176,29364264,15077231.5,0.48650837390253365,0.48654488666904777
R_1_E_0_S_44_B_69.pt,29362176,29364271,16425543.5,0.4405883439973931,0.4406282553379241
R_0_E_0_S_46_B_64.pt,29362176,29364271,16955043.75,0.42255493087433305,0.42259612881246056
R_1_E_0_S_16_B_87.pt,135790592,135792303,69526979.25,0.48798382696497855,0.4879902784327916
R_0_E_0_S_25_B_48.pt,135790592,135792303,59658243,0.560659968254649,0.560665503993993
R_1_E_0_S_39_B_53.pt,135790592,135792303,61506487.5,0.5470489774431501,0.5470546846826805
R_1_E_0_S_21_B_48.pt,135790592,135792303,65038408.25,0.5210389225639431,0.5210449575334177
R_0_E_0_S_11_B_77.pt,135790592,135792303,85784560.25,0.36825844127699214,0.3682664012996377
R_1_E_0_S_33_B_98.pt,135790592,135792303,61515046.25,0.5469859484079722,0.5469916564416762
R_1_E_0_S_27_B_110.pt,29381632,29383798,11889284,0.5953497749886731,0.5953796034127379
R_0_E_0_S_29_B_80.pt,29381632,29383791,12714885.5,0.5672505359811191,0.5672823326302586
R_1_E_0_S_30_B_130.pt,29381632,29383798,10864351,0.6302332355125815,0.6302604925340148
R_0_E_0_S_16_B_70.pt,29381632,29383791,13229048.75,0.5497510570549655,0.5497841394937774
R_1_E_0_S_12_B_125.pt,29381632,29383798,24561015.75,0.1640690432035906,0.16413066309535615
R_0_E_0_S_29_B_140.pt,29367296,29369270,11157778.25,0.6200610961935344,0.620086633069191
R_1_E_0_S_42_B_108.pt,135790592,135792310,56347063.25,0.585044424506228,0.585049674388778
R_1_E_0_S_21_B_83.pt,135790592,135792303,66931065.5,0.5071008638065294,0.5071070743972874
R_1_E_0_S_3_B_128.pt,135790592,135792303,68835206.5,0.49307823549366364,0.4930846227712921
R_1_E_0_S_25_B_61.pt,135790592,135792303,64041522.5,0.5283802687891662,0.5283862112567602
R_0_E_0_S_48_B_2.pt,135790592,135792296,53663207,0.6048090945799839,0.6048140536632505
R_1_E_0_S_15_B_66.pt,135790592,135792303,71893660.5,0.4705549225383744,0.47056159361256283
R_1_E_0_S_26_B_61.pt,135790592,135792303,66430487.5,0.510787260578406,0.5107934247201036
R_1_E_0_S_18_B_84.pt,29362176,29364271,18125793,0.38268223036330823,0.382726273027517
R_1_E_0_S_27_B_14.pt,29362176,29364271,15744233,0.4637920227710644,0.4638302786403245
R_1_E_0_S_29_B_9.pt,29362176,29364264,15384165.25,0.4760550018499991,0.47609225792275944
R_1_E_0_S_34_B_49.pt,29362176,29364271,18206935.5,0.3799187260508213,0.37996296587781797
R_1_E_0_S_18_B_19.pt,29362176,29364271,16089486.5,0.45203357884647244,0.45207267362435116
R_1_E_0_S_42_B_38.pt,135790592,135792303,61926201.75,0.5439580840033453,0.5439638301885196
R_0_E_0_S_2_B_93.pt,135790592,135792296,78165432.5,0.4243678347024218,0.42437505806662257
R_1_E_0_S_50_B_109.pt,29362176,29364278,14983436,0.4897028067674548,0.4897393356649191
R_1_E_0_S_26_B_80.pt,29381632,29383791,12824855,0.5635077384401248,0.5635398100946198
R_1_E_0_S_28_B_117.pt,135790592,135792310,50463131,0.6283753516591194,0.628380053332917
R_0_E_0_S_38_B_24.pt,29362176,29364271,15459726,0.47348159754917346,0.473519162113713
R_0_E_0_S_23_B_41.pt,135790592,135792303,68170838.75,0.49797082591701197,0.49797715154738925
R_0_E_0_S_38_B_39.pt,29362176,29364271,16842902.25,0.42637418119147574,0.42641510664439786
R_0_E_0_S_22_B_103.pt,135790592,135792310,71277344.75,0.4750936445582327,0.4751002855021761
R_0_E_0_S_16_B_128.pt,135790592,135792310,38786615,0.7143644899935335,0.7143681037608094
R_1_E_0_S_14_B_63.pt,135790592,135792303,72717804.75,0.46448569316201227,0.46449244070924994
R_0_E_0_S_38_B_19.pt,29362176,29364271,14289885.25,0.5133233568928951,0.5133580789388573
R_1_E_0_S_37_B_45.pt,29381632,29383791,13834764,0.5291356177900534,0.5291702149664759
R_0_E_0_S_5_B_91.pt,135790592,135792296,98933111,0.2714288262326745,0.27143796876370657
R_1_E_0_S_10_B_29.pt,29362176,29364271,21942915,0.25268089803698474,0.25273421567319004
R_0_E_0_S_22_B_96.pt,135790592,135792303,75560621.5,0.443550393388078,0.443557404722711
R_1_E_0_S_16_B_121.pt,135790592,135792310,54156121.5,0.6011791339712254,0.6011841797226957
R_1_E_0_S_7_B_94.pt,29362176,29364200,21931652.5,0.2530644697450216,0.2531159541210045
R_0_E_0_S_24_B_43.pt,135790592,135792303,61336752.75,0.5482989517418114,0.5483046432315092
R_1_E_0_S_36_B_106.pt,135790592,135792310,65553980.75,0.5172421020890755,0.5172482097844863
R_0_E_0_S_45_B_51.pt,135790592,135792303,65345012.75,0.5187810010431356,0.5187870644627037
